{
  "model_type": "yolov5",
  "model_path": "models/yolov5nu.onnx",
  "input_size": 416,
  "flops": {
    "flops": 3263771264,
    "params": 2649200,
    "flops_g": 3.263771264,
    "params_m": 2.6492
  },
  "speed": {
    "fps": 483.39127698841037,
    "mean_latency_ms": 2.0687175123021007,
    "std_latency_ms": 0.10733398792280326,
    "min_latency_ms": 1.7596250399947166,
    "max_latency_ms": 2.241083886474371
  }
}
